{"Genes":[{"OfficialSymbol":"SMIM33","Entrez":111064649,"Submitted":"1700066B19Rik"},{"OfficialSymbol":"C12orf42","Entrez":374470,"Submitted":"1700113H08Rik"},{"OfficialSymbol":"CXorf38","Entrez":159013,"Submitted":"1810030O07Rik"},{"OfficialSymbol":"C11orf53","Entrez":341032,"Submitted":"1810046K07Rik"},{"OfficialSymbol":"LUCAT1","Entrez":100505994,"Submitted":"5430425K12Rik"},{"OfficialSymbol":"SHH","Entrez":6469,"Submitted":"9530036O11Rik"},{"OfficialSymbol":"ABCC4","Entrez":10257,"Submitted":"Abcc4"},{"OfficialSymbol":"ABCD2","Entrez":225,"Submitted":"Abcd2"},{"OfficialSymbol":"ADAD1","Entrez":132612,"Submitted":"Adad1"},{"OfficialSymbol":"ADAM30","Entrez":11085,"Submitted":"Adam30"},{"OfficialSymbol":"ADGRV1","Entrez":84059,"Submitted":"Adgrv1"},{"OfficialSymbol":"ADK","Entrez":132,"Submitted":"Adk"},{"OfficialSymbol":"ADRA1A","Entrez":148,"Submitted":"Adra1a"},{"OfficialSymbol":"AFTPH","Entrez":54812,"Submitted":"Aftph"},{"OfficialSymbol":"AGGF1","Entrez":55109,"Submitted":"Aggf1"},{"OfficialSymbol":"AKAP11","Entrez":11215,"Submitted":"Akap11"},{"OfficialSymbol":"AKAP2","Entrez":11217,"Submitted":"Akap2"},{"OfficialSymbol":"ALK","Entrez":238,"Submitted":"Alk"},{"OfficialSymbol":"ANKEF1","Entrez":63926,"Submitted":"Ankef1"},{"OfficialSymbol":"ANXA5","Entrez":308,"Submitted":"Anxa5"},{"OfficialSymbol":"AP3B1","Entrez":8546,"Submitted":"Ap3b1"},{"OfficialSymbol":"ARSB","Entrez":411,"Submitted":"Arsb"},{"OfficialSymbol":"ASCL1","Entrez":429,"Submitted":"Ascl1"},{"OfficialSymbol":"ASMT","Entrez":438,"Submitted":"Asmt"},{"OfficialSymbol":"ASTN2","Entrez":23245,"Submitted":"Astn2"},{"OfficialSymbol":"ATG10","Entrez":83734,"Submitted":"Atg10"},{"OfficialSymbol":"ATP6AP2","Entrez":10159,"Submitted":"Atp6ap2"},{"OfficialSymbol":"ATXN1","Entrez":6310,"Submitted":"Atxn1"},{"OfficialSymbol":"BBS7","Entrez":55212,"Submitted":"Bbs7"},{"OfficialSymbol":"BCOR","Entrez":54880,"Submitted":"Bcor"},{"OfficialSymbol":"BRINP2","Entrez":57795,"Submitted":"Brinp2"},{"OfficialSymbol":"CACNA2D3","Entrez":55799,"Submitted":"Cacna2d3"},{"OfficialSymbol":"CAP2","Entrez":10486,"Submitted":"Cap2"},{"OfficialSymbol":"CASP3","Entrez":836,"Submitted":"Casp3"},{"OfficialSymbol":"CBWD1","Entrez":55871,"Submitted":"Cbwd1"},{"OfficialSymbol":"CCDC122","Entrez":160857,"Submitted":"Ccdc122"},{"OfficialSymbol":"CCNA2","Entrez":890,"Submitted":"Ccna2"},{"OfficialSymbol":"CCND2","Entrez":894,"Submitted":"Ccnd2"},{"OfficialSymbol":"CD44","Entrez":960,"Submitted":"Cd44"},{"OfficialSymbol":"CDC25C","Entrez":995,"Submitted":"Cdc25c"},{"OfficialSymbol":"CDH2","Entrez":1000,"Submitted":"Cdh2"},{"OfficialSymbol":"CFAP299","Entrez":255119,"Submitted":"Cfap299"},{"OfficialSymbol":"CFAP61","Entrez":26074,"Submitted":"Cfap61"},{"OfficialSymbol":"CMYA5","Entrez":202333,"Submitted":"Cmya5"},{"OfficialSymbol":"COLCA2","Entrez":120376,"Submitted":"Colca2"},{"OfficialSymbol":"CSNK1G3","Entrez":1456,"Submitted":"Csnk1g3"},{"OfficialSymbol":"CSNKA2IP","Entrez":111064647,"Submitted":"Csnka2ip"},{"OfficialSymbol":"CTIF","Entrez":9811,"Submitted":"Ctif"},{"OfficialSymbol":"CTNNA1","Entrez":1495,"Submitted":"Ctnna1"},{"OfficialSymbol":"CXCR4","Entrez":7852,"Submitted":"Cxcr4"},{"OfficialSymbol":"CXXC4","Entrez":80319,"Submitted":"Cxxc4"},{"OfficialSymbol":"CXXC5","Entrez":51523,"Submitted":"Cxxc5"},{"OfficialSymbol":"DAAM2","Entrez":23500,"Submitted":"Daam2"},{"OfficialSymbol":"DACH1","Entrez":1602,"Submitted":"Dach1"},{"OfficialSymbol":"DCC","Entrez":1630,"Submitted":"Dcc"},{"OfficialSymbol":"DEPP1","Entrez":11067,"Submitted":"Depp1"},{"OfficialSymbol":"DGKG","Entrez":1608,"Submitted":"Dgkg"},{"OfficialSymbol":"DGKH","Entrez":160851,"Submitted":"Dgkh"},{"OfficialSymbol":"DMGDH","Entrez":29958,"Submitted":"Dmgdh"},{"OfficialSymbol":"DNAJC15","Entrez":29103,"Submitted":"Dnajc15"},{"OfficialSymbol":"DNAJC18","Entrez":202052,"Submitted":"Dnajc18"},{"OfficialSymbol":"DNAJC24","Entrez":120526,"Submitted":"Dnajc24"},{"OfficialSymbol":"DOCK8","Entrez":81704,"Submitted":"Dock8"},{"OfficialSymbol":"DPH5","Entrez":51611,"Submitted":"Dph5"},{"OfficialSymbol":"DRD5","Entrez":1816,"Submitted":"Drd5"},{"OfficialSymbol":"DTNBP1","Entrez":84062,"Submitted":"Dtnbp1"},{"OfficialSymbol":"DUSP29","Entrez":338599,"Submitted":"Dupd1"},{"OfficialSymbol":"DUSP13","Entrez":51207,"Submitted":"Dusp13"},{"OfficialSymbol":"ECPAS","Entrez":23392,"Submitted":"Ecpas"},{"OfficialSymbol":"ECSCR","Entrez":641700,"Submitted":"Ecscr"},{"OfficialSymbol":"EGR1","Entrez":1958,"Submitted":"Egr1"},{"OfficialSymbol":"EHBP1","Entrez":23301,"Submitted":"Ehbp1"},{"OfficialSymbol":"EIF2AK4","Entrez":440275,"Submitted":"Eif2ak4"},{"OfficialSymbol":"ELP3","Entrez":55140,"Submitted":"Elp3"},{"OfficialSymbol":"ELP4","Entrez":26610,"Submitted":"Elp4"},{"OfficialSymbol":"EMILIN2","Entrez":84034,"Submitted":"Emilin2"},{"OfficialSymbol":"ENOX1","Entrez":55068,"Submitted":"Enox1"},{"OfficialSymbol":"ENPP6","Entrez":133121,"Submitted":"Enpp6"},{"OfficialSymbol":"EPHA3","Entrez":2042,"Submitted":"Epha3"},{"OfficialSymbol":"EPSTI1","Entrez":94240,"Submitted":"Epsti1"},{"OfficialSymbol":"ETF1","Entrez":2107,"Submitted":"Etf1"},{"OfficialSymbol":"EXOSC9","Entrez":5393,"Submitted":"Exosc9"},{"OfficialSymbol":"EXTL3","Entrez":2137,"Submitted":"Extl3"},{"OfficialSymbol":"EYA4","Entrez":2070,"Submitted":"Eya4"},{"OfficialSymbol":"F2RL1","Entrez":2150,"Submitted":"F2rl1"},{"OfficialSymbol":"FAM181B","Entrez":220382,"Submitted":"Fam181b"},{"OfficialSymbol":"FAM53C","Entrez":51307,"Submitted":"Fam53c"},{"OfficialSymbol":"FBXL21P","Entrez":26223,"Submitted":"Fbxl21"},{"OfficialSymbol":"FBXO16","Entrez":157574,"Submitted":"Fbxo16"},{"OfficialSymbol":"FOXD4","Entrez":2298,"Submitted":"Foxd4"},{"OfficialSymbol":"FSIP1","Entrez":161835,"Submitted":"Fsip1"},{"OfficialSymbol":"FZD3","Entrez":7976,"Submitted":"Fzd3"},{"OfficialSymbol":"GFOD1","Entrez":54438,"Submitted":"Gfod1"},{"OfficialSymbol":"GFRA3","Entrez":2676,"Submitted":"Gfra3"},{"OfficialSymbol":"GLIS3","Entrez":169792,"Submitted":"Glis3"},{"OfficialSymbol":"SMIM43","Entrez":132332,"Submitted":"Gm11549"},{"OfficialSymbol":"MPC1L","Entrez":347411,"Submitted":"Gm4984"},{"OfficialSymbol":"GMPR","Entrez":2766,"Submitted":"Gmpr"},{"OfficialSymbol":"GPALPP1","Entrez":55425,"Submitted":"Gpalpp1"},{"OfficialSymbol":"GPAM","Entrez":57678,"Submitted":"Gpam"},{"OfficialSymbol":"GPC6","Entrez":10082,"Submitted":"Gpc6"},{"OfficialSymbol":"GPR176","Entrez":11245,"Submitted":"Gpr176"},{"OfficialSymbol":"GTF2F2","Entrez":2963,"Submitted":"Gtf2f2"},{"OfficialSymbol":"GUCY2GP","Entrez":390003,"Submitted":"Gucy2g"},{"OfficialSymbol":"HDAC9","Entrez":9734,"Submitted":"Hdac9"},{"OfficialSymbol":"HDGFL1","Entrez":154150,"Submitted":"Hdgfl1"},{"OfficialSymbol":"HDHD2","Entrez":84064,"Submitted":"Hdhd2"},{"OfficialSymbol":"HELT","Entrez":391723,"Submitted":"Helt"},{"OfficialSymbol":"HMBOX1","Entrez":79618,"Submitted":"Hmbox1"},{"OfficialSymbol":"HMGCS2","Entrez":3158,"Submitted":"Hmgcs2"},{"OfficialSymbol":"HOMER1","Entrez":9456,"Submitted":"Homer1"},{"OfficialSymbol":"HS3ST3B1","Entrez":9953,"Submitted":"Hs3st3b1"},{"OfficialSymbol":"HSPA9","Entrez":3313,"Submitted":"Hspa9"},{"OfficialSymbol":"HUWE1","Entrez":10075,"Submitted":"Huwe1"},{"OfficialSymbol":"IER3IP1","Entrez":51124,"Submitted":"Ier3ip1"},{"OfficialSymbol":"IL2","Entrez":3558,"Submitted":"Il2"},{"OfficialSymbol":"IL21","Entrez":59067,"Submitted":"Il21"},{"OfficialSymbol":"INTS9","Entrez":55756,"Submitted":"Ints9"},{"OfficialSymbol":"IRF2","Entrez":3660,"Submitted":"Irf2"},{"OfficialSymbol":"ITGB1BP2","Entrez":26548,"Submitted":"Itgb1bp2"},{"OfficialSymbol":"JAG1","Entrez":182,"Submitted":"Jag1"},{"OfficialSymbol":"JMY","Entrez":133746,"Submitted":"Jmy"},{"OfficialSymbol":"KATNAL2","Entrez":83473,"Submitted":"Katnal2"},{"OfficialSymbol":"KCNAB1","Entrez":7881,"Submitted":"Kcnab1"},{"OfficialSymbol":"KCNV2","Entrez":169522,"Submitted":"Kcnv2"},{"OfficialSymbol":"KCTD4","Entrez":386618,"Submitted":"Kctd4"},{"OfficialSymbol":"KDM3B","Entrez":51780,"Submitted":"Kdm3b"},{"OfficialSymbol":"KIF21A","Entrez":55605,"Submitted":"Kif21a"},{"OfficialSymbol":"KIF6","Entrez":221458,"Submitted":"Kif6"},{"OfficialSymbol":"KIZ","Entrez":55857,"Submitted":"Kiz"},{"OfficialSymbol":"LACC1","Entrez":144811,"Submitted":"Lacc1"},{"OfficialSymbol":"LBH","Entrez":81606,"Submitted":"Lbh"},{"OfficialSymbol":"LECT2","Entrez":3950,"Submitted":"Lect2"},{"OfficialSymbol":"LGALSL","Entrez":29094,"Submitted":"Lgalsl"},{"OfficialSymbol":"LHFPL2","Entrez":10184,"Submitted":"Lhfpl2"},{"OfficialSymbol":"LPIN2","Entrez":9663,"Submitted":"Lpin2"},{"OfficialSymbol":"LRMDA","Entrez":83938,"Submitted":"Lrmda"},{"OfficialSymbol":"LRRTM2","Entrez":26045,"Submitted":"Lrrtm2"},{"OfficialSymbol":"LTBP1","Entrez":4052,"Submitted":"Ltbp1"},{"OfficialSymbol":"MACROD2","Entrez":140733,"Submitted":"Macrod2"},{"OfficialSymbol":"MAF","Entrez":4094,"Submitted":"Maf"},{"OfficialSymbol":"MATR3","Entrez":9782,"Submitted":"Matr3"},{"OfficialSymbol":"MCEE","Entrez":84693,"Submitted":"Mcee"},{"OfficialSymbol":"ME3","Entrez":10873,"Submitted":"Me3"},{"OfficialSymbol":"MED14","Entrez":9282,"Submitted":"Med14"},{"OfficialSymbol":"MEGF10","Entrez":84466,"Submitted":"Megf10"},{"OfficialSymbol":"MIR100","Entrez":406892,"Submitted":"Mir100"},{"OfficialSymbol":"MIR100HG","Entrez":399959,"Submitted":"Mir100hg"},{"OfficialSymbol":"MIR759","Entrez":100313778,"Submitted":"Mir759"},{"OfficialSymbol":"MIR98","Entrez":407054,"Submitted":"Mir98"},{"OfficialSymbol":"MIR99AHG","Entrez":388815,"Submitted":"Mir99ahg"},{"OfficialSymbol":"MKKS","Entrez":8195,"Submitted":"Mkks"},{"OfficialSymbol":"MOXD1","Entrez":26002,"Submitted":"Moxd1"},{"OfficialSymbol":"MPDZ","Entrez":8777,"Submitted":"Mpdz"},{"OfficialSymbol":"MRPS22","Entrez":56945,"Submitted":"Mrps22"},{"OfficialSymbol":"MSRA","Entrez":4482,"Submitted":"Msra"},{"OfficialSymbol":"MTX3","Entrez":345778,"Submitted":"Mtx3"},{"OfficialSymbol":"MYL12A","Entrez":10627,"Submitted":"Myl12a"},{"OfficialSymbol":"MYLIP","Entrez":29116,"Submitted":"Mylip"},{"OfficialSymbol":"MYO5B","Entrez":4645,"Submitted":"Myo5b"},{"OfficialSymbol":"MYOM1","Entrez":8736,"Submitted":"Myom1"},{"OfficialSymbol":"MYT1L","Entrez":23040,"Submitted":"Myt1l"},{"OfficialSymbol":"MZB1","Entrez":51237,"Submitted":"Mzb1"},{"OfficialSymbol":"NCKAP5","Entrez":344148,"Submitted":"Nckap5"},{"OfficialSymbol":"NEDD9","Entrez":4739,"Submitted":"Nedd9"},{"OfficialSymbol":"NFIA","Entrez":4774,"Submitted":"Nfia"},{"OfficialSymbol":"NKX2-2","Entrez":4821,"Submitted":"Nkx2-2"},{"OfficialSymbol":"NOL7","Entrez":51406,"Submitted":"Nol7"},{"OfficialSymbol":"NONO","Entrez":4841,"Submitted":"Nono"},{"OfficialSymbol":"NOTCH2","Entrez":4853,"Submitted":"Notch2"},{"OfficialSymbol":"NTNG1","Entrez":22854,"Submitted":"Ntng1"},{"OfficialSymbol":"OGT","Entrez":8473,"Submitted":"Ogt"},{"OfficialSymbol":"OLFM4","Entrez":10562,"Submitted":"Olfm4"},{"OfficialSymbol":"OR2K2","Entrez":26248,"Submitted":"Olfr267"},{"OfficialSymbol":"OTOP1","Entrez":133060,"Submitted":"Otop1"},{"OfficialSymbol":"RBM15","Entrez":64783,"Submitted":"Ott"},{"OfficialSymbol":"OTX1","Entrez":5013,"Submitted":"Otx1"},{"OfficialSymbol":"PAH","Entrez":5053,"Submitted":"Pah"},{"OfficialSymbol":"PAIP2","Entrez":51247,"Submitted":"Paip2"},{"OfficialSymbol":"PALM2AKAP2","Entrez":445815,"Submitted":"Pakap"},{"OfficialSymbol":"PAMR1","Entrez":25891,"Submitted":"Pamr1"},{"OfficialSymbol":"PAPPA","Entrez":5069,"Submitted":"Pappa"},{"OfficialSymbol":"PAX9","Entrez":5083,"Submitted":"Pax9"},{"OfficialSymbol":"PCDH19","Entrez":57526,"Submitted":"Pcdh19"},{"OfficialSymbol":"PCDH8","Entrez":5100,"Submitted":"Pcdh8"},{"OfficialSymbol":"PCDH9","Entrez":5101,"Submitted":"Pcdh9"},{"OfficialSymbol":"PDE8B","Entrez":8622,"Submitted":"Pde8b"},{"OfficialSymbol":"PELI1","Entrez":57162,"Submitted":"Peli1"},{"OfficialSymbol":"PGM5","Entrez":5239,"Submitted":"Pgm5"},{"OfficialSymbol":"PHACTR2","Entrez":9749,"Submitted":"Phactr2"},{"OfficialSymbol":"PIAS2","Entrez":9063,"Submitted":"Pias2"},{"OfficialSymbol":"PLCH1","Entrez":23007,"Submitted":"Plch1"},{"OfficialSymbol":"PLPP4","Entrez":196051,"Submitted":"Plpp4"},{"OfficialSymbol":"PNOC","Entrez":5368,"Submitted":"Pnoc"},{"OfficialSymbol":"POU2AF1","Entrez":5450,"Submitted":"Pou2af1"},{"OfficialSymbol":"PPP2R2B","Entrez":5521,"Submitted":"Ppp2r2b"},{"OfficialSymbol":"PRIMPOL","Entrez":201973,"Submitted":"Primpol"},{"OfficialSymbol":"PRL","Entrez":5617,"Submitted":"Prl"},{"OfficialSymbol":"PROB1","Entrez":389333,"Submitted":"Prob1"},{"OfficialSymbol":"PRR30","Entrez":339779,"Submitted":"Prr30"},{"OfficialSymbol":"PRSS23","Entrez":11098,"Submitted":"Prss23"},{"OfficialSymbol":"PSD2","Entrez":84249,"Submitted":"Psd2"},{"OfficialSymbol":"PUM3","Entrez":9933,"Submitted":"Pum3"},{"OfficialSymbol":"RALGAPA2","Entrez":57186,"Submitted":"Ralgapa2"},{"OfficialSymbol":"RANBP3L","Entrez":202151,"Submitted":"Ranbp3l"},{"OfficialSymbol":"RANBP9","Entrez":10048,"Submitted":"Ranbp9"},{"OfficialSymbol":"RASGEF1B","Entrez":153020,"Submitted":"Rasgef1b"},{"OfficialSymbol":"RASSF4","Entrez":83937,"Submitted":"Rassf4"},{"OfficialSymbol":"REEP2","Entrez":51308,"Submitted":"Reep2"},{"OfficialSymbol":"REG4","Entrez":83998,"Submitted":"Reg4"},{"OfficialSymbol":"RFX3","Entrez":5991,"Submitted":"Rfx3"},{"OfficialSymbol":"RGCC","Entrez":28984,"Submitted":"Rgcc"},{"OfficialSymbol":"RNF182","Entrez":221687,"Submitted":"Rnf182"},{"OfficialSymbol":"RNF32","Entrez":140545,"Submitted":"Rnf32"},{"OfficialSymbol":"RNLS","Entrez":55328,"Submitted":"Rnls"},{"OfficialSymbol":"SAMD8","Entrez":142891,"Submitted":"Samd8"},{"OfficialSymbol":"SCAMP1","Entrez":9522,"Submitted":"Scamp1"},{"OfficialSymbol":"SEC22B","Entrez":9554,"Submitted":"Sec22b"},{"OfficialSymbol":"SERINC5","Entrez":256987,"Submitted":"Serinc5"},{"OfficialSymbol":"SERP2","Entrez":387923,"Submitted":"Serp2"},{"OfficialSymbol":"SETBP1","Entrez":26040,"Submitted":"Setbp1"},{"OfficialSymbol":"SFRP1","Entrez":6422,"Submitted":"Sfrp1"},{"OfficialSymbol":"SH2D1A","Entrez":4068,"Submitted":"Sh2d1a"},{"OfficialSymbol":"SH3PXD2B","Entrez":285590,"Submitted":"Sh3pxd2b"},{"OfficialSymbol":"SIL1","Entrez":64374,"Submitted":"Sil1"},{"OfficialSymbol":"SIRT5","Entrez":23408,"Submitted":"Sirt5"},{"OfficialSymbol":"SKOR2","Entrez":652991,"Submitted":"Skor2"},{"OfficialSymbol":"SLC14A2","Entrez":8170,"Submitted":"Slc14a2"},{"OfficialSymbol":"SLC1A2","Entrez":6506,"Submitted":"Slc1a2"},{"OfficialSymbol":"SLC23A1","Entrez":9963,"Submitted":"Slc23a1"},{"OfficialSymbol":"SLC25A21","Entrez":89874,"Submitted":"Slc25a21"},{"OfficialSymbol":"SLC25A4","Entrez":291,"Submitted":"Slc25a4"},{"OfficialSymbol":"SLC2A9","Entrez":56606,"Submitted":"Slc2a9"},{"OfficialSymbol":"SLCO3A1","Entrez":28232,"Submitted":"Slco3a1"},{"OfficialSymbol":"SLX4IP","Entrez":128710,"Submitted":"Slx4ip"},{"OfficialSymbol":"SMAD2","Entrez":4087,"Submitted":"Smad2"},{"OfficialSymbol":"SMAD7","Entrez":4092,"Submitted":"Smad7"},{"OfficialSymbol":"SMARCA2","Entrez":6595,"Submitted":"Smarca2"},{"OfficialSymbol":"SMCHD1","Entrez":23347,"Submitted":"Smchd1"},{"OfficialSymbol":"SNAP25","Entrez":6616,"Submitted":"Snap25"},{"OfficialSymbol":"SNHG4","Entrez":724102,"Submitted":"Snhg4"},{"OfficialSymbol":"SNORA19","Entrez":641451,"Submitted":"Snora19"},{"OfficialSymbol":"SNORA47","Entrez":677828,"Submitted":"Snora47"},{"OfficialSymbol":"SNORA74A","Entrez":26821,"Submitted":"Snora74a"},{"OfficialSymbol":"SORBS2","Entrez":8470,"Submitted":"Sorbs2"},{"OfficialSymbol":"SOX14","Entrez":8403,"Submitted":"Sox14"},{"OfficialSymbol":"SPATA24","Entrez":202051,"Submitted":"Spata24"},{"OfficialSymbol":"SPZ1","Entrez":84654,"Submitted":"Spz1"},{"OfficialSymbol":"SSBP2","Entrez":23635,"Submitted":"Ssbp2"},{"OfficialSymbol":"STAB2","Entrez":55576,"Submitted":"Stab2"},{"OfficialSymbol":"STAG2","Entrez":10735,"Submitted":"Stag2"},{"OfficialSymbol":"STING1","Entrez":340061,"Submitted":"Sting1"},{"OfficialSymbol":"STMN4","Entrez":81551,"Submitted":"Stmn4"},{"OfficialSymbol":"STMND1","Entrez":401236,"Submitted":"Stmnd1"},{"OfficialSymbol":"SVEP1","Entrez":79987,"Submitted":"Svep1"},{"OfficialSymbol":"TAF1","Entrez":6872,"Submitted":"Taf1"},{"OfficialSymbol":"TCF21","Entrez":6943,"Submitted":"Tcf21"},{"OfficialSymbol":"TECTB","Entrez":6975,"Submitted":"Tectb"},{"OfficialSymbol":"TENM1","Entrez":10178,"Submitted":"Tenm1"},{"OfficialSymbol":"THBS1","Entrez":7057,"Submitted":"Thbs1"},{"OfficialSymbol":"THBS4","Entrez":7060,"Submitted":"Thbs4"},{"OfficialSymbol":"TIGAR","Entrez":57103,"Submitted":"Tigar"},{"OfficialSymbol":"TLL2","Entrez":7093,"Submitted":"Tll2"},{"OfficialSymbol":"TMEM161B","Entrez":153396,"Submitted":"Tmem161b"},{"OfficialSymbol":"TMEM72","Entrez":643236,"Submitted":"Tmem72"},{"OfficialSymbol":"TNIP3","Entrez":79931,"Submitted":"Tnip3"},{"OfficialSymbol":"TOX3","Entrez":27324,"Submitted":"Tox3"},{"OfficialSymbol":"TRIM35","Entrez":23087,"Submitted":"Trim35"},{"OfficialSymbol":"TSC22D1","Entrez":8848,"Submitted":"Tsc22d1"},{"OfficialSymbol":"TXNDC8","Entrez":255220,"Submitted":"Txndc8"},{"OfficialSymbol":"UBE2D2","Entrez":7322,"Submitted":"Ube2d2a"},{"OfficialSymbol":"USP25","Entrez":29761,"Submitted":"Usp25"},{"OfficialSymbol":"USP9X","Entrez":8239,"Submitted":"Usp9x"},{"OfficialSymbol":"VAV3","Entrez":10451,"Submitted":"Vav3"},{"OfficialSymbol":"VWA8","Entrez":23078,"Submitted":"Vwa8"},{"OfficialSymbol":"WDR11","Entrez":55717,"Submitted":"Wdr11"},{"OfficialSymbol":"WDR41","Entrez":55255,"Submitted":"Wdr41"},{"OfficialSymbol":"WDR72","Entrez":256764,"Submitted":"Wdr72"},{"OfficialSymbol":"WWOX","Entrez":51741,"Submitted":"Wwox"},{"OfficialSymbol":"ZBED3","Entrez":84327,"Submitted":"Zbed3"},{"OfficialSymbol":"ZBTB7C","Entrez":201501,"Submitted":"Zbtb7c"},{"OfficialSymbol":"ZDHHC21","Entrez":340481,"Submitted":"Zdhhc21"},{"OfficialSymbol":"ZNF395","Entrez":55893,"Submitted":"Zfp395"},{"OfficialSymbol":"ZNF22","Entrez":7570,"Submitted":"Zfp422"},{"OfficialSymbol":"ZNF521","Entrez":25925,"Submitted":"Zfp521"},{"OfficialSymbol":"ZNF532","Entrez":55205,"Submitted":"Zfp532"},{"OfficialSymbol":"ZNF608","Entrez":57507,"Submitted":"Zfp608"},{"OfficialSymbol":"ZFYVE16","Entrez":9765,"Submitted":"Zfyve16"},{"OfficialSymbol":"ZMYM3","Entrez":9203,"Submitted":"Zmym3"}]}
