{"Genes":[{"OfficialSymbol":"C5orf49","Entrez":134121,"Submitted":"1700001L19Rik"},{"OfficialSymbol":"C10orf82","Entrez":143379,"Submitted":"1700019N19Rik"},{"OfficialSymbol":"LOC100505841","Entrez":100505841,"Submitted":"1700034E13Rik"},{"OfficialSymbol":"C11orf53","Entrez":341032,"Submitted":"1810046K07Rik"},{"OfficialSymbol":"C11orf87","Entrez":399947,"Submitted":"AI593442"},{"OfficialSymbol":"ABCA12","Entrez":26154,"Submitted":"Abca12"},{"OfficialSymbol":"ADAM12","Entrez":8038,"Submitted":"Adam12"},{"OfficialSymbol":"ADAM28","Entrez":10863,"Submitted":"Adam28"},{"OfficialSymbol":"ADAM7","Entrez":8756,"Submitted":"Adam7"},{"OfficialSymbol":"ADAMTS16","Entrez":170690,"Submitted":"Adamts16"},{"OfficialSymbol":"ADAMTS17","Entrez":170691,"Submitted":"Adamts17"},{"OfficialSymbol":"ADCY2","Entrez":108,"Submitted":"Adcy2"},{"OfficialSymbol":"AFF2","Entrez":2334,"Submitted":"Aff2"},{"OfficialSymbol":"AGBL1","Entrez":123624,"Submitted":"Agbl1"},{"OfficialSymbol":"AGMO","Entrez":392636,"Submitted":"Agmo"},{"OfficialSymbol":"AKAP6","Entrez":9472,"Submitted":"Akap6"},{"OfficialSymbol":"AKR1E2","Entrez":83592,"Submitted":"Akr1e1"},{"OfficialSymbol":"ANG","Entrez":283,"Submitted":"Ang"},{"OfficialSymbol":"VPS51","Entrez":738,"Submitted":"Ang2"},{"OfficialSymbol":"ANKFN1","Entrez":162282,"Submitted":"Ankfn1"},{"OfficialSymbol":"ANKRD42","Entrez":338699,"Submitted":"Ankrd42"},{"OfficialSymbol":"ANKS1B","Entrez":56899,"Submitted":"Anks1b"},{"OfficialSymbol":"AOPEP","Entrez":84909,"Submitted":"Aopep"},{"OfficialSymbol":"APOH","Entrez":350,"Submitted":"Apoh"},{"OfficialSymbol":"AR","Entrez":367,"Submitted":"Ar"},{"OfficialSymbol":"ARAP3","Entrez":64411,"Submitted":"Arap3"},{"OfficialSymbol":"ARHGAP20","Entrez":57569,"Submitted":"Arhgap20"},{"OfficialSymbol":"ARHGAP24","Entrez":83478,"Submitted":"Arhgap24"},{"OfficialSymbol":"ARHGAP26","Entrez":23092,"Submitted":"Arhgap26"},{"OfficialSymbol":"ARHGEF9","Entrez":23229,"Submitted":"Arhgef9"},{"OfficialSymbol":"ARMH4","Entrez":145407,"Submitted":"Armh4"},{"OfficialSymbol":"ARPP21","Entrez":10777,"Submitted":"Arpp21"},{"OfficialSymbol":"ASIC2","Entrez":40,"Submitted":"Asic2"},{"OfficialSymbol":"ASTN1","Entrez":460,"Submitted":"Astn1"},{"OfficialSymbol":"ASTN2","Entrez":23245,"Submitted":"Astn2"},{"OfficialSymbol":"ASXL3","Entrez":80816,"Submitted":"Asxl3"},{"OfficialSymbol":"ATP10A","Entrez":57194,"Submitted":"Atp10a"},{"OfficialSymbol":"ATRNL1","Entrez":26033,"Submitted":"Atrnl1"},{"OfficialSymbol":"ATXN7","Entrez":6314,"Submitted":"Atxn7"},{"OfficialSymbol":"AUTS2","Entrez":26053,"Submitted":"Auts2"},{"OfficialSymbol":"AVPR1A","Entrez":552,"Submitted":"Avpr1a"},{"OfficialSymbol":"BANK1","Entrez":55024,"Submitted":"Bank1"},{"OfficialSymbol":"BARD1","Entrez":580,"Submitted":"Bard1"},{"OfficialSymbol":"BIN1","Entrez":274,"Submitted":"Bin1"},{"OfficialSymbol":"BRWD3","Entrez":254065,"Submitted":"Brwd3"},{"OfficialSymbol":"BTG3","Entrez":10950,"Submitted":"Btg3"},{"OfficialSymbol":"C8A","Entrez":731,"Submitted":"C8a"},{"OfficialSymbol":"C8B","Entrez":732,"Submitted":"C8b"},{"OfficialSymbol":"CADPS","Entrez":8618,"Submitted":"Cadps"},{"OfficialSymbol":"CAMK4","Entrez":814,"Submitted":"Camk4"},{"OfficialSymbol":"CAPN6","Entrez":827,"Submitted":"Capn6"},{"OfficialSymbol":"CAPZA3","Entrez":93661,"Submitted":"Capza3"},{"OfficialSymbol":"CARD11","Entrez":84433,"Submitted":"Card11"},{"OfficialSymbol":"CBLB","Entrez":868,"Submitted":"Cblb"},{"OfficialSymbol":"CCDC90B","Entrez":60492,"Submitted":"Ccdc90b"},{"OfficialSymbol":"CCNB1IP1","Entrez":57820,"Submitted":"Ccnb1ip1"},{"OfficialSymbol":"CCNY","Entrez":219771,"Submitted":"Ccny"},{"OfficialSymbol":"CCSER1","Entrez":401145,"Submitted":"Ccser1"},{"OfficialSymbol":"CCSER2","Entrez":54462,"Submitted":"Ccser2"},{"OfficialSymbol":"CDHR1","Entrez":92211,"Submitted":"Cdhr1"},{"OfficialSymbol":"CDK14","Entrez":5218,"Submitted":"Cdk14"},{"OfficialSymbol":"CELF2","Entrez":10659,"Submitted":"Celf2"},{"OfficialSymbol":"CEP112","Entrez":201134,"Submitted":"Cep112"},{"OfficialSymbol":"CEP128","Entrez":145508,"Submitted":"Cep128"},{"OfficialSymbol":"CFAP54","Entrez":144535,"Submitted":"Cfap54"},{"OfficialSymbol":"CHD6","Entrez":84181,"Submitted":"Chd6"},{"OfficialSymbol":"CHL1","Entrez":10752,"Submitted":"Chl1"},{"OfficialSymbol":"CHRM2","Entrez":1129,"Submitted":"Chrm2"},{"OfficialSymbol":"CHRM3","Entrez":1131,"Submitted":"Chrm3"},{"OfficialSymbol":"CHSY3","Entrez":337876,"Submitted":"Chsy3"},{"OfficialSymbol":"CNDP1","Entrez":84735,"Submitted":"Cndp1"},{"OfficialSymbol":"CNDP2","Entrez":55748,"Submitted":"Cndp2"},{"OfficialSymbol":"CNGA2","Entrez":1260,"Submitted":"Cnga2"},{"OfficialSymbol":"CNR1","Entrez":1268,"Submitted":"Cnr1"},{"OfficialSymbol":"CNTN3","Entrez":5067,"Submitted":"Cntn3"},{"OfficialSymbol":"CNTNAP3","Entrez":79937,"Submitted":"Cntnap3"},{"OfficialSymbol":"COL25A1","Entrez":84570,"Submitted":"Col25a1"},{"OfficialSymbol":"CPS1","Entrez":1373,"Submitted":"Cps1"},{"OfficialSymbol":"CPXM2","Entrez":119587,"Submitted":"Cpxm2"},{"OfficialSymbol":"CRPPA","Entrez":729920,"Submitted":"Crppa"},{"OfficialSymbol":"CTNNA2","Entrez":1496,"Submitted":"Ctnna2"},{"OfficialSymbol":"CTNND2","Entrez":1501,"Submitted":"Ctnnd2"},{"OfficialSymbol":"CTSC","Entrez":1075,"Submitted":"Ctsc"},{"OfficialSymbol":"CTSLP3","Entrez":644021,"Submitted":"Ctsll3"},{"OfficialSymbol":"CUL2","Entrez":8453,"Submitted":"Cul2"},{"OfficialSymbol":"DAB1","Entrez":1600,"Submitted":"Dab1"},{"OfficialSymbol":"DACH2","Entrez":117154,"Submitted":"Dach2"},{"OfficialSymbol":"DAPK1","Entrez":1612,"Submitted":"Dapk1"},{"OfficialSymbol":"DCP2","Entrez":167227,"Submitted":"Dcp2"},{"OfficialSymbol":"DCX","Entrez":1641,"Submitted":"Dcx"},{"OfficialSymbol":"DDX10","Entrez":1662,"Submitted":"Ddx10"},{"OfficialSymbol":"DERA","Entrez":51071,"Submitted":"Dera"},{"OfficialSymbol":"DGKB","Entrez":1607,"Submitted":"Dgkb"},{"OfficialSymbol":"DGKI","Entrez":9162,"Submitted":"Dgki"},{"OfficialSymbol":"DIAPH1","Entrez":1729,"Submitted":"Diaph1"},{"OfficialSymbol":"DKC1","Entrez":1736,"Submitted":"Dkc1"},{"OfficialSymbol":"DLG2","Entrez":1740,"Submitted":"Dlg2"},{"OfficialSymbol":"DMD","Entrez":1756,"Submitted":"Dmd"},{"OfficialSymbol":"DOCK1","Entrez":1793,"Submitted":"Dock1"},{"OfficialSymbol":"DOCK10","Entrez":55619,"Submitted":"Dock10"},{"OfficialSymbol":"DPYD","Entrez":1806,"Submitted":"Dpyd"},{"OfficialSymbol":"DPYSL3","Entrez":1809,"Submitted":"Dpysl3"},{"OfficialSymbol":"DSCAM","Entrez":1826,"Submitted":"Dscam"},{"OfficialSymbol":"DYDC1","Entrez":143241,"Submitted":"Dydc1"},{"OfficialSymbol":"DYDC2","Entrez":84332,"Submitted":"Dydc2"},{"OfficialSymbol":"EDDM3B","Entrez":64184,"Submitted":"Eddm3b"},{"OfficialSymbol":"EFNA5","Entrez":1946,"Submitted":"Efna5"},{"OfficialSymbol":"EMCN","Entrez":51705,"Submitted":"Emcn"},{"OfficialSymbol":"EPC1","Entrez":80314,"Submitted":"Epc1"},{"OfficialSymbol":"EPHB1","Entrez":2047,"Submitted":"Ephb1"},{"OfficialSymbol":"ERBB4","Entrez":2066,"Submitted":"Erbb4"},{"OfficialSymbol":"ESRRG","Entrez":2104,"Submitted":"Esrrg"},{"OfficialSymbol":"F13A1","Entrez":2162,"Submitted":"F13a1"},{"OfficialSymbol":"FAM114A2","Entrez":10827,"Submitted":"Fam114a2"},{"OfficialSymbol":"FAM71D","Entrez":161142,"Submitted":"Fam71d"},{"OfficialSymbol":"FASTKD3","Entrez":79072,"Submitted":"Fastkd3"},{"OfficialSymbol":"FAT4","Entrez":79633,"Submitted":"Fat4"},{"OfficialSymbol":"FATE1","Entrez":89885,"Submitted":"Fate1"},{"OfficialSymbol":"FBN2","Entrez":2201,"Submitted":"Fbn2"},{"OfficialSymbol":"FBXL17","Entrez":64839,"Submitted":"Fbxl17"},{"OfficialSymbol":"FCHSD1","Entrez":89848,"Submitted":"Fchsd1"},{"OfficialSymbol":"FER","Entrez":2241,"Submitted":"Fer"},{"OfficialSymbol":"FGF13","Entrez":2258,"Submitted":"Fgf13"},{"OfficialSymbol":"FOCAD","Entrez":54914,"Submitted":"Focad"},{"OfficialSymbol":"FOXP2","Entrez":93986,"Submitted":"Foxp2"},{"OfficialSymbol":"FRAS1","Entrez":80144,"Submitted":"Fras1"},{"OfficialSymbol":"FSTL4","Entrez":23105,"Submitted":"Fstl4"},{"OfficialSymbol":"FYB2","Entrez":199920,"Submitted":"Fyb2"},{"OfficialSymbol":"GAB3","Entrez":139716,"Submitted":"Gab3"},{"OfficialSymbol":"GABBR2","Entrez":9568,"Submitted":"Gabbr2"},{"OfficialSymbol":"GABRA3","Entrez":2556,"Submitted":"Gabra3"},{"OfficialSymbol":"GABRB3","Entrez":2562,"Submitted":"Gabrb3"},{"OfficialSymbol":"GABRE","Entrez":2564,"Submitted":"Gabre"},{"OfficialSymbol":"GABRQ","Entrez":55879,"Submitted":"Gabrq"},{"OfficialSymbol":"GALNT17","Entrez":64409,"Submitted":"Galnt17"},{"OfficialSymbol":"GALNT18","Entrez":374378,"Submitted":"Galnt18"},{"OfficialSymbol":"GDI2","Entrez":2665,"Submitted":"Gdi2"},{"OfficialSymbol":"GFRA1","Entrez":2674,"Submitted":"Gfra1"},{"OfficialSymbol":"GFRA2","Entrez":2675,"Submitted":"Gfra2"},{"OfficialSymbol":"GLI3","Entrez":2737,"Submitted":"Gli3"},{"OfficialSymbol":"TEX51","Entrez":101929926,"Submitted":"Gm35060"},{"OfficialSymbol":"MDFIC2","Entrez":107986096,"Submitted":"Gm765"},{"OfficialSymbol":"C5orf46","Entrez":389336,"Submitted":"Gm94"},{"OfficialSymbol":"GMDS","Entrez":2762,"Submitted":"Gmds"},{"OfficialSymbol":"GNG4","Entrez":2786,"Submitted":"Gng4"},{"OfficialSymbol":"GPC5","Entrez":2262,"Submitted":"Gpc5"},{"OfficialSymbol":"GPHN","Entrez":10243,"Submitted":"Gphn"},{"OfficialSymbol":"GPM6A","Entrez":2823,"Submitted":"Gpm6a"},{"OfficialSymbol":"GPR137B","Entrez":7107,"Submitted":"Gpr137b"},{"OfficialSymbol":"GRIA1","Entrez":2890,"Submitted":"Gria1"},{"OfficialSymbol":"GRID1","Entrez":2894,"Submitted":"Grid1"},{"OfficialSymbol":"GRID2","Entrez":2895,"Submitted":"Grid2"},{"OfficialSymbol":"GRM5","Entrez":2915,"Submitted":"Grm5"},{"OfficialSymbol":"HDAC3","Entrez":8841,"Submitted":"Hdac3"},{"OfficialSymbol":"HDAC9","Entrez":9734,"Submitted":"Hdac9"},{"OfficialSymbol":"HDX","Entrez":139324,"Submitted":"Hdx"},{"OfficialSymbol":"HECW1","Entrez":23072,"Submitted":"Hecw1"},{"OfficialSymbol":"HMGN5","Entrez":79366,"Submitted":"Hmgn5"},{"OfficialSymbol":"HSD17B4","Entrez":3295,"Submitted":"Hsd17b4"},{"OfficialSymbol":"HSPA12A","Entrez":259217,"Submitted":"Hspa12a"},{"OfficialSymbol":"HTR2A","Entrez":3356,"Submitted":"Htr2a"},{"OfficialSymbol":"IARS1","Entrez":3376,"Submitted":"Iars"},{"OfficialSymbol":"ICE1","Entrez":23379,"Submitted":"Ice1"},{"OfficialSymbol":"ICOS","Entrez":29851,"Submitted":"Icos"},{"OfficialSymbol":"IKZF2","Entrez":22807,"Submitted":"Ikzf2"},{"OfficialSymbol":"IL1RAPL1","Entrez":11141,"Submitted":"Il1rapl1"},{"OfficialSymbol":"IL1RAPL2","Entrez":26280,"Submitted":"Il1rapl2"},{"OfficialSymbol":"IMMP2L","Entrez":83943,"Submitted":"Immp2l"},{"OfficialSymbol":"IRX1","Entrez":79192,"Submitted":"Irx1"},{"OfficialSymbol":"ISOC1","Entrez":51015,"Submitted":"Isoc1"},{"OfficialSymbol":"JAKMIP2","Entrez":9832,"Submitted":"Jakmip2"},{"OfficialSymbol":"KALRN","Entrez":8997,"Submitted":"Kalrn"},{"OfficialSymbol":"KCNH5","Entrez":27133,"Submitted":"Kcnh5"},{"OfficialSymbol":"KCNN2","Entrez":3781,"Submitted":"Kcnn2"},{"OfficialSymbol":"KCTD16","Entrez":57528,"Submitted":"Kctd16"},{"OfficialSymbol":"KIRREL3","Entrez":84623,"Submitted":"Kirrel3"},{"OfficialSymbol":"KLHL33","Entrez":123103,"Submitted":"Klhl33"},{"OfficialSymbol":"LDB2","Entrez":9079,"Submitted":"Ldb2"},{"OfficialSymbol":"LOX","Entrez":4015,"Submitted":"Lox"},{"OfficialSymbol":"LPIN3","Entrez":64900,"Submitted":"Lpin3"},{"OfficialSymbol":"LRIG3","Entrez":121227,"Submitted":"Lrig3"},{"OfficialSymbol":"LRIT1","Entrez":26103,"Submitted":"Lrit1"},{"OfficialSymbol":"LRIT2","Entrez":340745,"Submitted":"Lrit2"},{"OfficialSymbol":"LRRC3B","Entrez":116135,"Submitted":"Lrrc3b"},{"OfficialSymbol":"LRRC49","Entrez":54839,"Submitted":"Lrrc49"},{"OfficialSymbol":"LSAMP","Entrez":4045,"Submitted":"Lsamp"},{"OfficialSymbol":"LUZP2","Entrez":338645,"Submitted":"Luzp2"},{"OfficialSymbol":"LVRN","Entrez":206338,"Submitted":"Lvrn"},{"OfficialSymbol":"LYST","Entrez":1130,"Submitted":"Lyst"},{"OfficialSymbol":"MACROD2","Entrez":140733,"Submitted":"Macrod2"},{"OfficialSymbol":"MAFB","Entrez":9935,"Submitted":"Mafb"},{"OfficialSymbol":"MAGEA10","Entrez":4109,"Submitted":"Magea10"},{"OfficialSymbol":"MAGEA4","Entrez":4103,"Submitted":"Magea4"},{"OfficialSymbol":"MAGEE1","Entrez":57692,"Submitted":"Magee1"},{"OfficialSymbol":"MAMLD1","Entrez":10046,"Submitted":"Mamld1"},{"OfficialSymbol":"MAP2","Entrez":4133,"Submitted":"Map2"},{"OfficialSymbol":"MAP3K8","Entrez":1326,"Submitted":"Map3k8"},{"OfficialSymbol":"MAPK10","Entrez":5602,"Submitted":"Mapk10"},{"OfficialSymbol":"MARCHF10","Entrez":162333,"Submitted":"Marchf10"},{"OfficialSymbol":"MCC","Entrez":4163,"Submitted":"Mcc"},{"OfficialSymbol":"MDGA2","Entrez":161357,"Submitted":"Mdga2"},{"OfficialSymbol":"MED10","Entrez":84246,"Submitted":"Med10"},{"OfficialSymbol":"MIR100HG","Entrez":399959,"Submitted":"Mir100hg"},{"OfficialSymbol":"MIR1251","Entrez":100302289,"Submitted":"Mir1251"},{"OfficialSymbol":"MIR128-2","Entrez":406916,"Submitted":"Mir128-2"},{"OfficialSymbol":"MIR204","Entrez":406987,"Submitted":"Mir204"},{"OfficialSymbol":"MIR224","Entrez":407009,"Submitted":"Mir224"},{"OfficialSymbol":"MIR325","Entrez":442899,"Submitted":"Mir325"},{"OfficialSymbol":"MIR346","Entrez":442911,"Submitted":"Mir346"},{"OfficialSymbol":"MIR384","Entrez":494333,"Submitted":"Mir384"},{"OfficialSymbol":"MIR452","Entrez":574412,"Submitted":"Mir452"},{"OfficialSymbol":"MIR488","Entrez":574441,"Submitted":"Mir488"},{"OfficialSymbol":"MIR490","Entrez":574443,"Submitted":"Mir490"},{"OfficialSymbol":"MIR491","Entrez":574444,"Submitted":"Mir491"},{"OfficialSymbol":"MIR504","Entrez":574507,"Submitted":"Mir504"},{"OfficialSymbol":"MIR767","Entrez":768215,"Submitted":"Mir767"},{"OfficialSymbol":"MIR99A","Entrez":407055,"Submitted":"Mir99a"},{"OfficialSymbol":"MIR99AHG","Entrez":388815,"Submitted":"Mir99ahg"},{"OfficialSymbol":"MITF","Entrez":4286,"Submitted":"Mitf"},{"OfficialSymbol":"MPP7","Entrez":143098,"Submitted":"Mpp7"},{"OfficialSymbol":"MTM1","Entrez":4534,"Submitted":"Mtm1"},{"OfficialSymbol":"MTPAP","Entrez":55149,"Submitted":"Mtpap"},{"OfficialSymbol":"MTRR","Entrez":4552,"Submitted":"Mtrr"},{"OfficialSymbol":"MYO16","Entrez":23026,"Submitted":"Myo16"},{"OfficialSymbol":"MYO1D","Entrez":4642,"Submitted":"Myo1d"},{"OfficialSymbol":"MYOT","Entrez":9499,"Submitted":"Myot"},{"OfficialSymbol":"MYT1L","Entrez":23040,"Submitted":"Myt1l"},{"OfficialSymbol":"NAALADL2","Entrez":254827,"Submitted":"Naaladl2"},{"OfficialSymbol":"NAV3","Entrez":89795,"Submitted":"Nav3"},{"OfficialSymbol":"NCALD","Entrez":83988,"Submitted":"Ncald"},{"OfficialSymbol":"NDST4","Entrez":64579,"Submitted":"Ndst4"},{"OfficialSymbol":"NEDD1","Entrez":121441,"Submitted":"Nedd1"},{"OfficialSymbol":"NEGR1","Entrez":257194,"Submitted":"Negr1"},{"OfficialSymbol":"NEK10","Entrez":152110,"Submitted":"Nek10"},{"OfficialSymbol":"NEK7","Entrez":140609,"Submitted":"Nek7"},{"OfficialSymbol":"NET1","Entrez":10276,"Submitted":"Net1"},{"OfficialSymbol":"NFIA","Entrez":4774,"Submitted":"Nfia"},{"OfficialSymbol":"NID1","Entrez":4811,"Submitted":"Nid1"},{"OfficialSymbol":"NKIRAS1","Entrez":28512,"Submitted":"Nkiras1"},{"OfficialSymbol":"NLGN1","Entrez":22871,"Submitted":"Nlgn1"},{"OfficialSymbol":"NOX3","Entrez":50508,"Submitted":"Nox3"},{"OfficialSymbol":"NPAS3","Entrez":64067,"Submitted":"Npas3"},{"OfficialSymbol":"NQO2","Entrez":4835,"Submitted":"Nqo2"},{"OfficialSymbol":"NR1D2","Entrez":9975,"Submitted":"Nr1d2"},{"OfficialSymbol":"NR3C1","Entrez":2908,"Submitted":"Nr3c1"},{"OfficialSymbol":"NRG3","Entrez":10718,"Submitted":"Nrg3"},{"OfficialSymbol":"NRXN3","Entrez":9369,"Submitted":"Nrxn3"},{"OfficialSymbol":"NTM","Entrez":50863,"Submitted":"Ntm"},{"OfficialSymbol":"NTNG1","Entrez":22854,"Submitted":"Ntng1"},{"OfficialSymbol":"NTRK3","Entrez":4916,"Submitted":"Ntrk3"},{"OfficialSymbol":"NYAP2","Entrez":57624,"Submitted":"Nyap2"},{"OfficialSymbol":"OFCC1","Entrez":266553,"Submitted":"Ofcc1"},{"OfficialSymbol":"OPCML","Entrez":4978,"Submitted":"Opcml"},{"OfficialSymbol":"OPHN1","Entrez":4983,"Submitted":"Ophn1"},{"OfficialSymbol":"PABPC1","Entrez":26986,"Submitted":"Pabpc2"},{"OfficialSymbol":"PABPC5","Entrez":140886,"Submitted":"Pabpc5"},{"OfficialSymbol":"PACRG","Entrez":135138,"Submitted":"Pacrg"},{"OfficialSymbol":"PAK3","Entrez":5063,"Submitted":"Pak3"},{"OfficialSymbol":"PARD3","Entrez":56288,"Submitted":"Pard3"},{"OfficialSymbol":"PARD3B","Entrez":117583,"Submitted":"Pard3b"},{"OfficialSymbol":"PARP2","Entrez":10038,"Submitted":"Parp2"},{"OfficialSymbol":"PBDC1","Entrez":51260,"Submitted":"Pbdc1"},{"OfficialSymbol":"PCDH11X","Entrez":27328,"Submitted":"Pcdh11x"},{"OfficialSymbol":"PCDHA1","Entrez":56147,"Submitted":"Pcdha1"},{"OfficialSymbol":"PCDHA10","Entrez":56139,"Submitted":"Pcdha10"},{"OfficialSymbol":"PCDHA11","Entrez":56138,"Submitted":"Pcdha11"},{"OfficialSymbol":"PCDHA12","Entrez":56137,"Submitted":"Pcdha12"},{"OfficialSymbol":"PCDHA2","Entrez":56146,"Submitted":"Pcdha2"},{"OfficialSymbol":"PCDHA3","Entrez":56145,"Submitted":"Pcdha3"},{"OfficialSymbol":"PCDHA4","Entrez":56144,"Submitted":"Pcdha4"},{"OfficialSymbol":"PCDHA5","Entrez":56143,"Submitted":"Pcdha5"},{"OfficialSymbol":"PCDHA6","Entrez":56142,"Submitted":"Pcdha6"},{"OfficialSymbol":"PCDHA7","Entrez":56141,"Submitted":"Pcdha7"},{"OfficialSymbol":"PCDHA8","Entrez":56140,"Submitted":"Pcdha8"},{"OfficialSymbol":"PCDHA9","Entrez":9752,"Submitted":"Pcdha9"},{"OfficialSymbol":"PCDHAC1","Entrez":56135,"Submitted":"Pcdhac1"},{"OfficialSymbol":"PCDHAC2","Entrez":56134,"Submitted":"Pcdhac2"},{"OfficialSymbol":"PCDHGA1","Entrez":56114,"Submitted":"Pcdhga1"},{"OfficialSymbol":"PCDHGA10","Entrez":56106,"Submitted":"Pcdhga10"},{"OfficialSymbol":"PCDHGA11","Entrez":56105,"Submitted":"Pcdhga11"},{"OfficialSymbol":"PCDHGA12","Entrez":26025,"Submitted":"Pcdhga12"},{"OfficialSymbol":"PCDHGA2","Entrez":56113,"Submitted":"Pcdhga2"},{"OfficialSymbol":"PCDHGA3","Entrez":56112,"Submitted":"Pcdhga3"},{"OfficialSymbol":"PCDHGA4","Entrez":56111,"Submitted":"Pcdhga4"},{"OfficialSymbol":"PCDHGA5","Entrez":56110,"Submitted":"Pcdhga5"},{"OfficialSymbol":"PCDHGA6","Entrez":56109,"Submitted":"Pcdhga6"},{"OfficialSymbol":"PCDHGA7","Entrez":56108,"Submitted":"Pcdhga7"},{"OfficialSymbol":"PCDHGA8","Entrez":9708,"Submitted":"Pcdhga8"},{"OfficialSymbol":"PCDHGA9","Entrez":56107,"Submitted":"Pcdhga9"},{"OfficialSymbol":"PCDHGB1","Entrez":56104,"Submitted":"Pcdhgb1"},{"OfficialSymbol":"PCDHGB2","Entrez":56103,"Submitted":"Pcdhgb2"},{"OfficialSymbol":"PCDHGB4","Entrez":8641,"Submitted":"Pcdhgb4"},{"OfficialSymbol":"PCDHGB5","Entrez":56101,"Submitted":"Pcdhgb5"},{"OfficialSymbol":"PCDHGB6","Entrez":56100,"Submitted":"Pcdhgb6"},{"OfficialSymbol":"PCDHGB7","Entrez":56099,"Submitted":"Pcdhgb7"},{"OfficialSymbol":"PCDHGC3","Entrez":5098,"Submitted":"Pcdhgc3"},{"OfficialSymbol":"PCDHGC4","Entrez":56098,"Submitted":"Pcdhgc4"},{"OfficialSymbol":"PCDHGC5","Entrez":56097,"Submitted":"Pcdhgc5"},{"OfficialSymbol":"PCP4","Entrez":5121,"Submitted":"Pcp4"},{"OfficialSymbol":"PDE4B","Entrez":5142,"Submitted":"Pde4b"},{"OfficialSymbol":"PDZRN3","Entrez":23024,"Submitted":"Pdzrn3"},{"OfficialSymbol":"PDZRN4","Entrez":29951,"Submitted":"Pdzrn4"},{"OfficialSymbol":"PHKB","Entrez":5257,"Submitted":"Phkb"},{"OfficialSymbol":"PIK3C2G","Entrez":5288,"Submitted":"Pik3c2g"},{"OfficialSymbol":"PJA2","Entrez":9867,"Submitted":"Pja2"},{"OfficialSymbol":"PLCB1","Entrez":23236,"Submitted":"Plcb1"},{"OfficialSymbol":"PLCL2","Entrez":23228,"Submitted":"Plcl2"},{"OfficialSymbol":"PLCZ1","Entrez":89869,"Submitted":"Plcz1"},{"OfficialSymbol":"PLPPR4","Entrez":9890,"Submitted":"Plppr4"},{"OfficialSymbol":"PLPPR5","Entrez":163404,"Submitted":"Plppr5"},{"OfficialSymbol":"PLS3","Entrez":5358,"Submitted":"Pls3"},{"OfficialSymbol":"PNLIP","Entrez":5406,"Submitted":"Pnlip"},{"OfficialSymbol":"PNLIPRP1","Entrez":5407,"Submitted":"Pnliprp1"},{"OfficialSymbol":"PNLIPRP2","Entrez":5408,"Submitted":"Pnliprp2"},{"OfficialSymbol":"POF1B","Entrez":79983,"Submitted":"Pof1b"},{"OfficialSymbol":"POU3F4","Entrez":5456,"Submitted":"Pou3f4"},{"OfficialSymbol":"POU4F3","Entrez":5459,"Submitted":"Pou4f3"},{"OfficialSymbol":"PPM1H","Entrez":57460,"Submitted":"Ppm1h"},{"OfficialSymbol":"PPP2R2B","Entrez":5521,"Submitted":"Ppp2r2b"},{"OfficialSymbol":"PPP2R3A","Entrez":5523,"Submitted":"Ppp2r3a"},{"OfficialSymbol":"PPP3CA","Entrez":5530,"Submitted":"Ppp3ca"},{"OfficialSymbol":"PRKAA2","Entrez":5563,"Submitted":"Prkaa2"},{"OfficialSymbol":"PRKCA","Entrez":5578,"Submitted":"Prkca"},{"OfficialSymbol":"PRKD1","Entrez":5587,"Submitted":"Prkd1"},{"OfficialSymbol":"PRKG2","Entrez":5593,"Submitted":"Prkg2"},{"OfficialSymbol":"PRKN","Entrez":5071,"Submitted":"Prkn"},{"OfficialSymbol":"PRKX","Entrez":5613,"Submitted":"Prkx"},{"OfficialSymbol":"PRLHR","Entrez":2834,"Submitted":"Prlhr"},{"OfficialSymbol":"PRRG1","Entrez":5638,"Submitted":"Prrg1"},{"OfficialSymbol":"PRRG3","Entrez":79057,"Submitted":"Prrg3"},{"OfficialSymbol":"PRXL2A","Entrez":84293,"Submitted":"Prxl2a"},{"OfficialSymbol":"PSMD6","Entrez":9861,"Submitted":"Psmd6"},{"OfficialSymbol":"PTGDR","Entrez":5729,"Submitted":"Ptgdr"},{"OfficialSymbol":"PTN","Entrez":5764,"Submitted":"Ptn"},{"OfficialSymbol":"PTPRC","Entrez":5788,"Submitted":"Ptprc"},{"OfficialSymbol":"PTPRM","Entrez":5797,"Submitted":"Ptprm"},{"OfficialSymbol":"PTPRT","Entrez":11122,"Submitted":"Ptprt"},{"OfficialSymbol":"RAB11FIP2","Entrez":22841,"Submitted":"Rab11fip2"},{"OfficialSymbol":"RAB18","Entrez":22931,"Submitted":"Rab18"},{"OfficialSymbol":"RAB38","Entrez":23682,"Submitted":"Rab38"},{"OfficialSymbol":"RARB","Entrez":5915,"Submitted":"Rarb"},{"OfficialSymbol":"RBM27","Entrez":54439,"Submitted":"Rbm27"},{"OfficialSymbol":"RELL2","Entrez":285613,"Submitted":"Rell2"},{"OfficialSymbol":"RFTN1","Entrez":23180,"Submitted":"Rftn1"},{"OfficialSymbol":"RFX3","Entrez":5991,"Submitted":"Rfx3"},{"OfficialSymbol":"RGR","Entrez":5995,"Submitted":"Rgr"},{"OfficialSymbol":"RGS6","Entrez":9628,"Submitted":"Rgs6"},{"OfficialSymbol":"RMST","Entrez":196475,"Submitted":"Rmst"},{"OfficialSymbol":"RNASE1","Entrez":6035,"Submitted":"Rnase1"},{"OfficialSymbol":"RNASE4","Entrez":6038,"Submitted":"Rnase4"},{"OfficialSymbol":"RNASE6","Entrez":6039,"Submitted":"Rnase6"},{"OfficialSymbol":"ROBO2","Entrez":6092,"Submitted":"Robo2"},{"OfficialSymbol":"RORA","Entrez":6095,"Submitted":"Rora"},{"OfficialSymbol":"RPL15","Entrez":6138,"Submitted":"Rpl15"},{"OfficialSymbol":"RPPH1","Entrez":85495,"Submitted":"Rpph1"},{"OfficialSymbol":"RPS6KA6","Entrez":27330,"Submitted":"Rps6ka6"},{"OfficialSymbol":"RTTN","Entrez":25914,"Submitted":"Rttn"},{"OfficialSymbol":"RYR2","Entrez":6262,"Submitted":"Ryr2"},{"OfficialSymbol":"SAMD5","Entrez":389432,"Submitted":"Samd5"},{"OfficialSymbol":"SCGB3A2","Entrez":117156,"Submitted":"Scgb3a2"},{"OfficialSymbol":"SDK1","Entrez":221935,"Submitted":"Sdk1"},{"OfficialSymbol":"SEMA6D","Entrez":80031,"Submitted":"Sema6d"},{"OfficialSymbol":"SERPINB1","Entrez":1992,"Submitted":"Serpinb1a"},{"OfficialSymbol":"SGIP1","Entrez":84251,"Submitted":"Sgip1"},{"OfficialSymbol":"SH2D4B","Entrez":387694,"Submitted":"Sh2d4b"},{"OfficialSymbol":"SH3BGRL","Entrez":6451,"Submitted":"Sh3bgrl"},{"OfficialSymbol":"SLC16A2","Entrez":6567,"Submitted":"Slc16a2"},{"OfficialSymbol":"SLC17A6","Entrez":57084,"Submitted":"Slc17a6"},{"OfficialSymbol":"SLC27A6","Entrez":28965,"Submitted":"Slc27a6"},{"OfficialSymbol":"SLC8A1","Entrez":6546,"Submitted":"Slc8a1"},{"OfficialSymbol":"SLCO3A1","Entrez":28232,"Submitted":"Slco3a1"},{"OfficialSymbol":"SLITRK2","Entrez":84631,"Submitted":"Slitrk2"},{"OfficialSymbol":"SMARCA2","Entrez":6595,"Submitted":"Smarca2"},{"OfficialSymbol":"SMIM10L2A","Entrez":399668,"Submitted":"Smim10l2a"},{"OfficialSymbol":"SNCAIP","Entrez":9627,"Submitted":"Sncaip"},{"OfficialSymbol":"SNX7","Entrez":51375,"Submitted":"Snx7"},{"OfficialSymbol":"SOX5","Entrez":6660,"Submitted":"Sox5"},{"OfficialSymbol":"SOX6","Entrez":55553,"Submitted":"Sox6"},{"OfficialSymbol":"SPACA1","Entrez":81833,"Submitted":"Spaca1"},{"OfficialSymbol":"SPAG16","Entrez":79582,"Submitted":"Spag16"},{"OfficialSymbol":"SPATA19","Entrez":219938,"Submitted":"Spata19"},{"OfficialSymbol":"SPIN4","Entrez":139886,"Submitted":"Spin4"},{"OfficialSymbol":"SPINK1","Entrez":6690,"Submitted":"Spink1"},{"OfficialSymbol":"ST8SIA2","Entrez":8128,"Submitted":"St8sia2"},{"OfficialSymbol":"STARD4","Entrez":134429,"Submitted":"Stard4"},{"OfficialSymbol":"STC1","Entrez":6781,"Submitted":"Stc1"},{"OfficialSymbol":"STPG2","Entrez":285555,"Submitted":"Stpg2"},{"OfficialSymbol":"STXBP4","Entrez":252983,"Submitted":"Stxbp4"},{"OfficialSymbol":"STXBP6","Entrez":29091,"Submitted":"Stxbp6"},{"OfficialSymbol":"SV2B","Entrez":9899,"Submitted":"Sv2b"},{"OfficialSymbol":"SYT1","Entrez":6857,"Submitted":"Syt1"},{"OfficialSymbol":"SYT16","Entrez":83851,"Submitted":"Syt16"},{"OfficialSymbol":"TAFA1","Entrez":407738,"Submitted":"Tafa1"},{"OfficialSymbol":"TAFA2","Entrez":338811,"Submitted":"Tafa2"},{"OfficialSymbol":"TAFA4","Entrez":151647,"Submitted":"Tafa4"},{"OfficialSymbol":"TANC2","Entrez":26115,"Submitted":"Tanc2"},{"OfficialSymbol":"TASOR2","Entrez":54906,"Submitted":"Tasor2"},{"OfficialSymbol":"TBC1D5","Entrez":9779,"Submitted":"Tbc1d5"},{"OfficialSymbol":"TENT5D","Entrez":169966,"Submitted":"Tent5d"},{"OfficialSymbol":"TEP1","Entrez":7011,"Submitted":"Tep1"},{"OfficialSymbol":"THRB","Entrez":7068,"Submitted":"Thrb"},{"OfficialSymbol":"THSD4","Entrez":79875,"Submitted":"Thsd4"},{"OfficialSymbol":"TMEFF2","Entrez":23671,"Submitted":"Tmeff2"},{"OfficialSymbol":"TMEM132E","Entrez":124842,"Submitted":"Tmem132e"},{"OfficialSymbol":"TMEM232","Entrez":642987,"Submitted":"Tmem232"},{"OfficialSymbol":"TMEM47","Entrez":83604,"Submitted":"Tmem47"},{"OfficialSymbol":"TNR","Entrez":7143,"Submitted":"Tnr"},{"OfficialSymbol":"TOX3","Entrez":27324,"Submitted":"Tox3"},{"OfficialSymbol":"TRIM36","Entrez":55521,"Submitted":"Trim36"},{"OfficialSymbol":"TRIQK","Entrez":286144,"Submitted":"Triqk"},{"OfficialSymbol":"TRPM3","Entrez":80036,"Submitted":"Trpm3"},{"OfficialSymbol":"TTC5","Entrez":91875,"Submitted":"Ttc5"},{"OfficialSymbol":"TUBAL3","Entrez":79861,"Submitted":"Tubal3"},{"OfficialSymbol":"TXNDC16","Entrez":57544,"Submitted":"Txndc16"},{"OfficialSymbol":"UBE2E1","Entrez":7324,"Submitted":"Ube2e1"},{"OfficialSymbol":"UBE2E2","Entrez":7325,"Submitted":"Ube2e2"},{"OfficialSymbol":"UCN3","Entrez":114131,"Submitted":"Ucn3"},{"OfficialSymbol":"UNC5C","Entrez":8633,"Submitted":"Unc5c"},{"OfficialSymbol":"UPRT","Entrez":139596,"Submitted":"Uprt"},{"OfficialSymbol":"USH2A","Entrez":7399,"Submitted":"Ush2a"},{"OfficialSymbol":"VLDLR","Entrez":7436,"Submitted":"Vldlr"},{"OfficialSymbol":"VMA21","Entrez":203547,"Submitted":"Vma21"},{"OfficialSymbol":"VWC2L","Entrez":402117,"Submitted":"Vwc2l"},{"OfficialSymbol":"WAC","Entrez":51322,"Submitted":"Wac"},{"OfficialSymbol":"WDR72","Entrez":256764,"Submitted":"Wdr72"},{"OfficialSymbol":"WRNIP1","Entrez":56897,"Submitted":"Wrnip1"},{"OfficialSymbol":"XYLT1","Entrez":64131,"Submitted":"Xylt1"},{"OfficialSymbol":"YIPF5","Entrez":81555,"Submitted":"Yipf5"},{"OfficialSymbol":"YTHDC2","Entrez":64848,"Submitted":"Ythdc2"},{"OfficialSymbol":"ZBTB20","Entrez":26137,"Submitted":"Zbtb20"},{"OfficialSymbol":"ZDHHC15","Entrez":158866,"Submitted":"Zdhhc15"},{"OfficialSymbol":"ZEB1","Entrez":6935,"Submitted":"Zeb1"},{"OfficialSymbol":"ZNF449","Entrez":203523,"Submitted":"Zfp449"},{"OfficialSymbol":"ZNF711","Entrez":7552,"Submitted":"Zfp711"},{"OfficialSymbol":"ZFPM2","Entrez":23414,"Submitted":"Zfpm2"},{"OfficialSymbol":"ZHX3","Entrez":23051,"Submitted":"Zhx3"},{"OfficialSymbol":"ZPLD1","Entrez":131368,"Submitted":"Zpld1"}]}
